title,url,scraped_at,published,content,tags
"""กัน จอมพลัง"" เข้าเยี่ยมลุง-ป้ากระบะ ฝากถึง ""เต้ มงคลกิตติ์"" ไม่ต้องเป็นห่วงผม",https://www.thairath.co.th/news/local/2853941,2025-04-20T19:59:19.036172,N/A,"""กัน จอมพลัง"" เข้าเยี่ยมลุง-ป้า ส่วนคู่กรณี ถ้าหากอยากจะช่วยจริงๆ ก็ยินดี พร้อมเปิดทางให้ พร้อมฝากถึง ""เต้ มงคลกิตติ์"" บอกไม่ต้องเป็นห่วงผม อยากให้ไปดูแลโซนพระราม 7 เดี๋ยวผมจัดการตรงนี้เอง",
ทั่วไทย,https://www.thairath.co.th/news/local,2025-04-20T19:59:19.422284,N/A,N/A,
คม มท. ชื่นชม “อนุทิน” จัดสอบนายอำเภอโปร่งใส สยบข่าวลือเด็กฝาก-ตั๋วเงิน,https://www.thairath.co.th/news/politic/2853949,2025-04-20T19:59:19.772935,N/A,คนมหาดไทยแห่ชื่นชม มท.1 ผู้บริหารมหาดไทย กรมการปกครอง จัดสอบนายอำเภอโปร่งใส ยึด “ระบบคุณธรรม” ให้ผลจริง คัดบุคลากรคุณภาพจากความสามารถ สยบข่าวลือเด็กฝาก-ใช้ตั๋วเงิน,
การเมือง,https://www.thairath.co.th/news/politic,2025-04-20T19:59:20.170450,N/A,N/A,
“ธรรมนัส” หาเสียงช่วย “บิ๊กโอ” ยืนยันใจนักเลง เป็นตัวแทนให้ประชาชนได้,https://www.thairath.co.th/news/politic/2853946,2025-04-20T19:59:20.632812,N/A,“ร.อ.ธรรมนัส” พาลูกพรรคกล้าธรรม ลุย อ.ช้างกลาง ปูพรมหาเสียงเลือกตั้งซ่อมนครศรีฯ เขต 8 การันตี “ก้องเกียรติ เกตุสมบัติ” ใจนักเลง คำไหนคำนั้น ยืนยัน ตนเองก็ไม่ใช่คนสีเทา แต่ใจนักเลงเหมือนกัน,
รวบแล้วมือกรีดร่างพระเลือดสาดก่อนจุดไฟเผา ยอมรับเสพยาบ้า 6 เม็ดก่อนก่อเหตุ,https://www.thairath.co.th/news/local/2853945,2025-04-20T19:59:20.989991,N/A,ตำรวจตามจับผู้ก่อเหตุใช้คัตเตอร์กรีดร่างพระจนเลือดสาดแล้วจุดไฟเผา ได้ที่ปั๊มน้ำมัน อ.นางรอง ขณะกำลังขี่รถมอเตอร์ไซค์หลบหนี ให้การวกวน อ้างสาเหตุที่ลงมือเพราทะเลาะกัน ไม่มีเรื่องเงิน ยอมรับว่าเสพยาบ้าคืนก่อเหตุ 6 เม็ด,
ปฏิบัติการ “สิงห์สายลับ” ทลายบุหรี่เถื่อนภูเก็ต พบเกี่ยวโยงนักการเมืองท้องถิ่น,https://www.thairath.co.th/news/crime/2853944,2025-04-20T19:59:21.337160,N/A,มท.1 มอบหมายให้ปลัดกระทรวงมหาดไทย สั่งการอธิบดีกรมการปกครอง จัดชุดปฏิบัติการพิเศษกรมการปกครอง ขอหมายค้นบุกทลายเครือข่ายบุหรี่เถื่อนกลางเมืองภูเก็ต พร้อมกัน 4 จุด พบเกี่ยวโยงกับนักการเมือง 1 ในผู้สมัครสภาท้องถิ่นในพื้นที่,
อาชญากรรม,https://www.thairath.co.th/news/crime,2025-04-20T19:59:21.750245,N/A,N/A,
รองผู้ว่าฯ กทม. ยันรื้อซากตึก สตง. ทันสิ้น เม.ย. จ่อเสนอปรับเงินเยียวยาที่พัก,https://www.thairath.co.th/news/local/bangkok/2853936,2025-04-20T19:59:22.157397,N/A,รองผู้ว่าฯ กทม. ยืนยันรื้อถอนซากตึก สตง. ถล่มทั้งหมดทันสิ้นเดือน เม.ย. อาจจะบวกลบเล็กน้อย พร้อมเตรียมเสนอปรับเกณฑ์เยียวยาที่พักจากเหตุแผ่นดินไหวต่อสภา พรุ่งนี้ (21 เม.ย. 68),
กทม.,https://www.thairath.co.th/news/local/bangkok,2025-04-20T19:59:22.577472,N/A,N/A,
“เต้ มงคลกิตติ์” ออกโรงเตือน “กัน จอมพลัง” คดีลูกพีช ให้ถอยเถอะน้อง,https://www.thairath.co.th/news/politic/2853935,2025-04-20T19:59:22.977596,N/A,“มงคลกิตติ์ สุขสินธารานนท์” โพสต์เฟซบุ๊ก ฝากถึง “กัน จอมพลัง” ให้จำบทเรียนทนายตั้ม อย่าเชื่อ FC มาก นายใหญ่เขาสั่งมาแล้ว ถอยเถอะน้อง บอกรู้นิสัยนักการเมืองมาเฟียดี,
อวสานสายหื่น พูดคุกคามสาววิ่งออกกำลังกาย สุดท้ายเจอคนจริง เรื่องถึงตำรวจ,https://www.thairath.co.th/news/society/2853928,2025-04-20T19:59:23.346271,N/A,สาวแชร์ประสบการณ์ โดนคนพูดคุกคามระหว่างวิ่งออกกำลังกาย หลังตั้งสติได้รีบเรียกแฟน-รปภ. มาช่วยจับตัว จนสุดท้ายอีกฝ่ายยอมไหว้ขอโทษ ก่อนใช้ช่วงชุลมุนหลบหนี ล่าสุดลงบันทึกประจำวันไว้แล้ว-ติดป้ายห้ามเข้า,
ในกระแส,https://www.thairath.co.th/news/society,2025-04-20T19:59:23.711284,N/A,N/A,
หนุ่มร้องไห้จะวิ่งเข้ากองเพลิง หวังช่วยสัตว์เลี้ยงจากไฟไหม้บ้าน วอดทั้งหลัง,https://www.thairath.co.th/news/local/2853899,2025-04-20T19:59:24.058489,N/A,หนุ่มร้องไห้จะวิ่งเข้ากองเพลิงไปช่วยสัตว์เลี้ยง หลังเกิดเหตุไฟไหม้บ้านทั้งหลัง ตำรวจต้องช่วยกันจับตัว พบแมวตาย 3 ตัว ส่วนที่เหลือช่วยออกมาได้,
ปัดเพื่อไทยดีลดึงกระทรวงมหาดไทยจากภูมิใจไทย รับเป็นไปได้ปรับ ครม.ทีมเศรษฐกิจ,https://www.thairath.co.th/news/politic/2853896,2025-04-20T19:59:24.516328,N/A,“วิสุทธิ์ ไชยณรุณ” เชื่อเป็นไปได้ ปรับ ครม.ทีมเศรษฐกิจ เผยเสียงสะท้อน ส.ส. เป็นปัญหาเศรษฐกิจ อยากให้ปรับแก้กระทรวงเกี่ยวกับการค้าขาย ปัดไม่รู้ดีลแลกเก้าอี้เพื่อไทย-ภูมิใจไทย,
ปลื้ม นักท่องเที่ยวชมบูธ “สมุนไพร - นวดไทย” โอซาก้า เอ็กซ์โป 2025,https://www.thairath.co.th/news/politic/2853895,2025-04-20T19:59:24.998547,N/A,“สมศักดิ์” ชื่นชม กรมแพทย์แผนไทย จัดนิทรรศการในงาน “โอซาก้า เอ็กซ์โป 2025” โชว์สมุนไพร ฤาษีดัดตน นวดเฉพาะทาง 7 กลุ่มอาการ” เผย 7 วัน ดึงนักท่องเที่ยวเข้าบูธ กว่า 4 หมื่นคน พบ ญี่ปุ่น - จีน - ยุโรป สนใจเป็นพิเศษ,
ลงมือเหี้ยมโหด ล่าตัวคนร้ายใช้คัตเตอร์กรีดร่างพระ จุดไฟเผาสาหัส,https://www.thairath.co.th/news/local/2853893,2025-04-20T19:59:25.530252,N/A,กองพิสูจน์หลักฐานตรวจสอบกุฏิพระโดนคัตเตอร์กรีดและจุดไฟเผา เร่งล่าตัวคนร้ายเหตุเป็นคดีสะเทือนขวัญ ขณะที่ชาวบ้านเผยช่วงตี 2 ได้ยินเสียงผู้ต้องสงสัยกรีดร้องไปตามถนนในหมู่บ้าน ล่าสุดพระยังไม่พ้นขีดอันตราย,
ต่างประเทศ,https://www.thairath.co.th/news/foreign,2025-04-20T19:59:25.905908,N/A,N/A,
ชาวอเมริกันรวมตัวประท้วงทรัมป์ทั่วสหรัฐฯ,https://www.thairath.co.th/news/foreign/2853880,2025-04-20T19:59:26.262222,N/A,ผู้คนจำนวนมากออกมาเดินขบวนบนท้องถนนทั่วสหรัฐฯ เพื่อแสดงความไม่เห็นด้วยกับนโยบายของประธานาธิบดีโดนัลด์ ทรัมป์ เกี่ยวกับการเนรเทศผู้อพยพ การปลดเจ้าหน้าที่รัฐบาล และสงครามในฉนวนกาซาและยูเครน,
จีนจัดแข่งวิ่งหุ่นยนต์ฮิวแมนนอยด์ครั้งแรกของโลก,https://www.thairath.co.th/news/foreign/2853873,2025-04-20T19:59:26.642542,N/A,จีนจัดแข่งวิ่งฮาล์ฟมาราธอน ระยะทาง 21 กิโลเมตรที่กรุงปักกิ่ง โดยมีหุ่นยนต์ฮิวแมนนอยด์ เข้าร่วมวิ่งแข่งพร้อมกับมนุษย์เป็นครั้งแรกของโลก,
ทำไมจู่ๆ ปูตินประกาศ “หยุดยิงวันอีสเตอร์” กับยูเครน?,https://www.thairath.co.th/news/foreign/2853852,2025-04-20T19:59:27.004977,N/A,"วลาดิเมียร์ ปูติน ผู้นำรัสเซีย ประกาศหยุดยิงยูเครนแต่เพียงฝ่ายเดียวเนื่องในวันอีสเตอร์ โดยจะให้ทหารระงับปฏิบัติการนาน 30 ชั่วโมง อ้างเหตุผลด้านมนุษยธรรม
การหยุดยิงกะทันหันของรัสเซียเกิดขึ้นหลังจากที่ โดนัลด์ ทรัมป์ ผู้นำสหรัฐฯ ออกมาขู่ว่าจะถอนตัวจากการเป็นผู้ผลักดันการเจรจาสันติภาพ หากรัสเซียกับยูเครนไม่แสดงให้เห็นว่าต้องการสันติภาพ
นักวิเคราะห์มองด้วยว่า การหยุดยิงอย่างปัจจุบันทันด่วนครั้งนี้อาจเป็นแผนการทำให้ฝ่ายยูเครนทำผิดพลาด เปิดโอกาสให้รัสเซียกล่าวหารัฐบาลเคียฟว่าไม่ได้ต้องการสันติจริงๆ",
ปากีสถานจับผู้ประท้วง 160 คน โจมตีร้านเคเอฟซี ทำลูกจ้างดับ 1 ศพ,https://www.thairath.co.th/news/foreign/2853851,2025-04-20T19:59:27.373230,N/A,ตำรวจปากีสถานจับกุมตัวผู้ประท้วงกว่า 160 คน หลังเกิดเหตุโจมตีร้านเคเอฟซีหลายแห่งในช่วงที่ผ่านมา จนมีลูกจ้างคนหนึ่งถูกยิงเสียชีวิต,
เมียนมาเตรียมวางผังเมืองกรุงเนปิดอว์ใหม่ หลังเกิดแผ่นดินไหวใหญ่,https://www.thairath.co.th/news/foreign/2853850,2025-04-20T19:59:27.742861,N/A,รัฐบาลเมียนมาเตรียมวางผังเมืองกรุงเนปิดอว์ใหม่ หลังจากได้รับความเสียหายอย่างหนักจากแผ่นดินไหว จนหลายกระทรวงต้องย้ายสำนักงานไปนครย่างกุ้งชั่วคราว,
“ธนกร” มั่นใจพรรคร่วมรัฐบาลยังปึก การันตี สส.รทสช.หนุนงบประมาณปี 69,https://www.thairath.co.th/news/politic/2853887,2025-04-20T19:59:28.162398,N/A,“ธนกร” เผย สส.รวมไทยสร้างชาติพร้อมหนุนสภาฯ ผ่านงบประมาณปี 2569 ชี้เป็นกฎหมายการเงินสำคัญในการบริหารประเทศ มั่นใจไม่มีเหตุสะดุด มองพรรคร่วมรัฐบาลคิดต่างกันบ้างเรื่องธรรมชาติ,
เลขาธิการ ป.ป.ส. เตือนภัยยาเสพติดชนิดใหม่ “ขนม-ลาบูบู้” หากลอง ถึงตาย,https://www.thairath.co.th/news/politic/2853884,2025-04-20T19:59:28.514965,N/A,เลขาธิการ ป.ป.ส. เตือนภัยยาเสพติด “ขนม” - “ลาบูบู้” ระบาดช่วงสงกรานต์ พบเสียชีวิตแล้ว 2 ราย หลังศูนย์พิษวิทยารามาธิบดี รายงานพบผู้ป่วยหมดสติ-หยุดหายใจ,
“พีระพันธุ์” ยัน สัญญาซื้อไฟฟ้าพลังงานหมุนเวียนถ้าผิดยกเลิกได้ ไม่ต้องรอ 25 ปี,https://www.thairath.co.th/news/politic/2853876,2025-04-20T19:59:28.873362,N/A,"“พีระพันธุ์ สาลีรัฐวิภาค” ชี้แจง ปมโครงการประมูลไฟฟ้าพลังงานหมุนเวียน 5,200 เมกะวัตต์ เพื่อพลังงานที่มั่นคงของประเทศ ยืนยันดำเนินการตามกฎหมายทุกประการ หากพบผิดสามารถยกเลิกสัญญาได้ทันที ไม่ต้องรอ 25 ปี",
นายกฯ อิ๊งค์ เตรียมเยือนกัมพูชา ฉลองความสัมพันธ์ 75 ปี 23 - 24 เม.ย. นี้,https://www.thairath.co.th/news/politic/2853875,2025-04-20T19:59:29.352888,N/A,นายกรัฐมนตรี “แพทองธาร” เตรียมเยือนกัมพูชา ตามคำเชิญอย่างเป็นทางการของรัฐบาลกัมพูชา ในโอกาสฉลองความสัมพันธ์ 75 ปี ระหว่างวันที่ 23 - 24 เม.ย. นี้,
"""ท็อป"" ยันไร้สัญญาณปรับ ครม. หนุนกฎหมายผุดกาสิโน มีรายได้ช่วยผู้สูงวัย เพื่อไทยเมิน สว. จ่อสอย",https://www.thairath.co.th/news/politic/2853856,2025-04-20T19:59:29.738862,N/A,“วราวุธ” แจงนายกฯยังไม่ส่งสัญญาณปรับ ครม.มายังพรรคร่วมรัฐบาล ย้ำ ชทพ.สงบเสงี่ยม ไม่แลกหมัดกับใคร พร้อมหนุนเอนเตอร์เทนเมนต์ฯหารายได้เข้าประเทศ “สุทิน” เผยเพื่อไทยยังนิ่งกระแสปรับ ครม. ติง สว.จ้องสอยเอนเตอร์เทนเมนต์คอมเพล็กซ์ต้องมีเหตุผล “นพดล” โอ่ “ทักษิณ” ออกโรงช่วยคลี่คลายเมียนมาได้เยอะ “อนุทิน” ย้ำแน่นแฟ้น “นายใหญ่” ไร้ปัญหาร่วมรัฐบาล,
“โหรวารินทร์” ชี้ การเมืองไทยเปลี่ยนแปลงหลัง พ.ค. ใครบางคนอาจได้รีเทิร์น,https://www.thairath.co.th/news/politic/2853818,2025-04-20T19:59:30.277810,N/A,“โหรวารินทร์” ทำนาย การเมืองไทยเปลี่ยนแปลงหลังเดือน พ.ค. แง้ม ใครบางคนอาจได้รีเทิร์น พร้อมฝากถึงผู้มีอำนาจอย่าใช้ประชานิยมให้มาก ส่วนภัยพิบัติจากธรรมชาติ จากนี้อาจมีบ้างเล็กๆ น้อยๆ แต่จะไม่รุนแรงแล้ว,
“ธนกร” จี้ DSI-ตร. เอาผิดถึงที่สุดโดยไม่ละเว้น เรียกร้องรัฐบาลรื้อทั้งระบบ,https://www.thairath.co.th/news/politic/2853815,2025-04-20T19:59:30.667846,N/A,“ธนกร” จี้ ดีเอสไอ-ตร. เอาผิดถึงที่สุด ผู้รับเหมา-วิศวกรออกแบบคุมงานตึก สตง. หลังพบเปลี่ยนแบบแปลน-อ้างชื่อ 51 วิศวกรคุมงานทิพย์ ลั่น ต้องไม่ละเว้น พร้อมเรียกร้องรัฐบาลรื้อทั้งระบบ ควบคุมมาตรฐานตั้งแต่ต้นทาง,
“ธรรมนัส” เตรียมนำทัพใหญ่พรรคกล้าธรรม ช่วย “ก้องเกียรติ เกตุสมบัติ” หาเสียง,https://www.thairath.co.th/news/politic/2853881,2025-04-20T19:59:31.133460,N/A,โฆษกกล้าธรรม เผย “ธรรมนัส” เตรียมนำทัพใหญ่ เปิดเวทีปราศรัยช่วย “ก้องเกียรติ” สู้เลือกตั้งซ่อม สส. นครศรีธรรมราช 25 เม.ย.นี้ วอนขอโอกาสเข้าไปเป็นปากเสียงในสภาฯ,
ชาวธัญบุรี ไม่สนดราม่า ยังนิยมสนับสนุนทีม “นายกเบี้ยว” 100% เผยปกติน้องพีชเป็นคนน่ารัก,https://www.thairath.co.th/news/local/2853872,2025-04-20T19:59:34.465637,N/A,ปทุมธานี ไม่สนดราม่า เผยชาวธัญบุรี ยังนิยมและสนับสนุนทีม “นายกเบี้ยว” ต่อไป 100% เผยปกติน้องพีชเป็นคนน่ารัก แจงอาจเป็นแค่อารมณ์ชั่ววูบของเด็ก ลั่นต้องแยกแยะ,
ตำรวจ สน.พญาไท เรียกสอบไรเดอร์ คู่กรณี “พ.อ.พิฆราช สุริยะ” วงจรปิดจับนาทีเกิดเหตุ,https://www.thairath.co.th/news/local/2853860,2025-04-20T19:59:34.825844,N/A,"ตำรวจ สน.พญาไท เรียกตัวไรเดอร์ คู่กรณี ""พ.อ.พิฆราช สุริยะ"" ทีมกู้ภัยตึก สตง.ถล่ม ประสบอุบัติเหตุเสียชีวิต มาสอบปากคำ วงจรปิดเผยให้เห็นว่ารถไม่ได้มีการเฉี่ยวชนกัน",
"ตำรวจไซเบอร์ลุยจับ 8 เว็บพนันทั่วประเทศ เงินสะพัด 3,200 ล้าน",https://www.thairath.co.th/news/local/2853861,2025-04-20T19:59:35.266145,N/A,"ตำรวจไซเบอร์เปิดปฏิบัติ การทลาย 8 เครือข่ายเว็บพนันทั่วประเทศ รวบผู้ต้องหา 20 คน เว็บรายใหญ่ชื่อ “Fun586” เปิดรับพนันทุกรูปแบบ เจ้าของเป็นชาวจีน 2 คน และชาวอินโดนีเซีย 1 คน ในปี 68 มีเงินหมุนเวียนกว่า 3,200 ล้านบาท แล้วนำเงินไปฟอกซื้อทองคำและเปิดบริษัทการเกษตรบังหน้า ตัวการใหญ่ยังหนีลอยนวลเร่งไล่ล่า",
กระบะหลับในชน 3 ศพ ผัวเมียแม่ยาย ลูกชาย 8 เดือน รอดปาฏิหาริย์,https://www.thairath.co.th/news/local/central/2853859,2025-04-20T19:59:35.690688,N/A,อุบัติเหตุสยองส่งท้ายสงกรานต์ รถกระบะพุ่งเสียบท้ายรถบรรทุกตู้ทึบจอดริมถนนตายยกครัว 3 ศพผัวเมียกับแม่ยาย ส่วนลูกน้อยวัย 8 เดือนรอดปาฏิหาริย์ แค่ได้รับบาดเจ็บ เผยครอบครัวพ่อแม่ลูกขับรถจากนนทบุรีไปเที่ยวสงกรานต์บ้านเกิดฝ่ายหญิงที่สตูล ขากลับแม่ยายนั่งรถมาด้วย คาดเดินทางไกลจนอ่อนล้าถึงเพชรบุรีเกิดหลับในทำให้รถเสียหลักชนอัดท้ายรถบรรทุกที่จอดข้างทางอย่างจัง,
"""พีช"" คุกเข่าเก้อ วืดขอโทษลูกคู่กรณี ""กัน จอมพลัง"" ดึงตัวฉากหนี โวยลั่น มัดมือชก (คลิป)",https://www.thairath.co.th/news/local/2853855,2025-04-20T19:59:36.131842,N/A,"""พีช"" ย่องกลางดึกเข้ารับทราบข้อกล่าวหาที่ สภ.ลำลูกกา ตำรวจแจ้ง 4 ข้อหาแล้วปล่อยตัวชั่วคราว พร้อมยึดรถบีเอ็มดับเบิลยูมาตรวจสอบที่โรงพัก ผบ.ตร.สั่งตำรวจไปดูแลผู้บาดเจ็บ ขณะที่กัน จอมพลัง พาลูกลุงป้าคู่กรณีมาเจรจาเยียวยาและรับการขอโทษ จังหวะพีชถือพวงมาลัยนั่งคุกเข่าแต่กลับวืด กันดึงตัวลูกสาวออกระบุทำอย่างนี้ก็มัดมือชก ส่วนพีชน้ำตาคลอยืนยันผิดไปแล้วเรื่องลุกลามถึงพ่อแม่ วอนสังคมหยุดด่า",
จับบิ๊กไชน่า สร้างตึกสตง. ล่าอีก 3 นอมินีคนไทย ศาลออกหมายฟัน 2 ข้อหา,https://www.thairath.co.th/news/local/2853854,2025-04-20T19:59:36.580444,N/A,ดีเอสไอบุกจับ “ชวน หลิง จาง” กก.บ.ไชน่าฯ คดีนอมินี คาโรงแรมรัชดา หลังศาลอาญาอนุมัติหมายจับ 4 ผู้ต้องหา ยังเหลืออีก 3 เป็นคนไทยมีชื่อเป็นหุ้นส่วนปรากฏในบริษัท ยังอยู่ระหว่างตามจับกุม หนุ่มแรงงานพม่าเข้ารับข้าวของส่วนตัวที่กู้ภัยเก็บไว้ ก่อนเล่านาทีระทึกอยู่บนชั้น 29 กับเพื่อนอีก 14 คน ก่อนตึก สตง.ถล่มลงเป็นรูปตัววีร่างไถลมากับซากปูนก่อนจะมุดออกจากซากตึกรอดตายเหลือเชื่อ “ชัชชาติ” ยันไม่มีเกาเหลาทีมสอบสวน แจงให้ความร่วมมือดี ส่วนยอดผู้เสียชีวิตเพิ่มเป็น 47 ราย และยังค้นหาอีก 47 ราย อาลัย “เสธ.เหยี่ยว-พ.อ.พิฆราช สุริยะ” ทีมจิตอาสา 904 ตึก สตง.ถล่ม ประสบอุบัติเหตุเสียชีวิตขณะขี่รถจยย.ไปที่พื้นที่ปฏิบัติงาน ถึงหน้า รพ.สงฆ์หักหลบไรเดอร์ที่เปลี่ยนเลนกะทันหันจนชนขอบฟุตปาทล้มศีรษะกระแทกพื้น เผยเจ้าตัวเข้าปฏิบัติหน้าที่ช่วยเหลือตั้งแต่เหตุเกิดวันแรก ผบ.ทบ.เศร้าเสียบุคลากรดีเด่น พ่อแม่ลูกเมียเดินทางรับศพกลับเชียงใหม่,
ทหารพรานชุดปฏิบัติการจรยุทธ์ ปะทะโจรใต้คาดเป็นกลุ่มยิง “ร.ต.อ.อำมฤต” เสียชีวิต,https://www.thairath.co.th/news/crime/2853866,2025-04-20T19:59:37.002097,N/A,พ.อ.ปัญจพล ทรัพย์บวร ผบ.ฉก.ทพ.48 เปิดแผนยุทธการเชิงรุก ส่งเจ้าหน้าที่ชุดปฏิบัติการจรยุทธ์ กดดันไล่ล่าจำกัดเสรีภาพสมาชิกผู้ก่อเหตุรุนแรง คาดมีส่วนเกี่ยวข้องกับเหตุการณ์ใช้อาวุธปืนยิง ร.ต.อ.อำมฤต เสียชีวิต,
จ่าทหารหึงโหดจ่อยิงเมียดับ หลังมีปากเสียงทะเลาะกันอย่างรุนแรง อ้างปมจับได้มีกิ๊ก,https://www.thairath.co.th/news/crime/2853862,2025-04-20T19:59:37.452649,N/A,ราชบุรี จ่าทหารก่อเหตุสะเทือนขวัญ จ่อยิงภรรยาเสียชีวิต หลังมีปากเสียงทะเลาะกันอย่างรุนแรง เนื่องจากที่ผ่านมานั้น ฝ่ายชายอ้างว่าจับได้ว่าภรรยาแอบมีกิ๊ก หลังก่อเหตุได้หลบหนีไป ก่อนสำนึกผิดติดต่อเข้ามอบตัว,
ฉุนมือถือหาย ชนวนฆ่า 2 ศพ เจ้าของร้าน-พนักงาน คนยิงมอบตัว,https://www.thairath.co.th/news/crime/2853857,2025-04-20T19:59:37.886008,N/A,หนุ่มใหญ่หัวร้อนยิงเจ้าของร้านอาหารและลูกน้องดับ 2 ศพ หลังเข้ามานั่งก๊งเหล้าจนร้านปิด กลับบ้านวนไปที่ร้านอีกรอบเพราะลืมโทรศัพท์มือถือ เจ้าของร้านถามลูกน้องไม่มีใครเห็นกลับไม่พอใจโต้เถียงมีเรื่องชกต่อยกัน ชักปืน 9 มม.กระหน่ำยิงแล้วเผ่นหนี ต่อมาติดต่อขอมอบตัวปมเหตุบันดาลโทสะ,
แถลงจับกรรมการไชน่า เรลเวย์ No.10 ข้อหานอมินี เร่งล่าตัวอีก 3 คนไทย,https://www.thairath.co.th/news/crime/2853825,2025-04-20T19:59:38.240440,N/A,รมว.ยุติธรรม พร้อมด้วยอธิบดี DSI แถลงจับกุมกรรมการไชน่า เรลเวย์ No.10 ในข้อหานอมินี พร้อมเร่งติดตามตัวอีก 3 คนไทย ปมตึก สตง.ถล่ม หลังพบหลักฐานที่เชื่อได้ว่าคนไทยถือหุ้นแทนคนต่างด้าว,
พนักงานส่งของระทึก สินค้าระเบิด ไฟลุกไหม้ระหว่างส่งของให้ลูกค้า,https://www.thairath.co.th/news/society/2853821,2025-04-20T19:59:38.679643,N/A,เตือนภัยอากาศร้อน พนักงานส่งของระทึก เผยคลิปสินค้าระเบิด ไฟลุกไหม้ระหว่างส่งของให้ลูกค้า โชคดีไม่มีผู้ได้รับบาดเจ็บ,
ด่วน DSI เผยจับกรรมการไชน่า เรลเวย์ No.10 ข้อหานอมินีแล้ว,https://www.thairath.co.th/news/society/2853817,2025-04-20T19:59:39.123771,N/A,ด่วน DSI เผยจับกรรมการไชน่า เรลเวย์ No.10 ข้อหานอมินีแล้ว กำลังนำตัวมาที่กรมสอบสวนคดีพิเศษ คาดเตรียมแถลงเย็นนี้,
"ชาวบ้านฮือฮา ปรากฏการณ์ ""เสาแห่งแสง"" โผล่บนท้องฟ้า จ.ภูเก็ต",https://www.thairath.co.th/news/society/2853792,2025-04-20T19:59:39.536015,N/A,"โซเชียลแชร์สนั่น พบแสงประหลาดบนท้องฟ้าของ จ.ภูเก็ต ด้าน อ.เจษฎ์ ระบุเป็น ""เสาแห่งแสง"" ปรากฏการณ์ธรรมชาติพบไม่ค่อยบ่อย ยันไม่ใช่ยูเอฟโอ หรือ ฝนดาวตก",
อาลัย นายทหารยศพันเอก 1 ในทีมค้นหาผู้สูญหายตึก สตง. ประสบอุบัติเหตุเสียชีวิต,https://www.thairath.co.th/news/society/2853730,2025-04-20T19:59:39.983613,N/A,ข่าวเศร้า พ.อ.พิฆราช สุริยะ สังกัด มทบ.11 เป็น 1 ใน นายทหารจิตอาสาที่มาร่วมปฏิบัติการช่วยเหลือเหตุอาคาร สตง.ถล่ม ประสบอุบัติเหตุเสียชีวิต,
ข่าวยานยนต์,https://www.thairath.co.th/news/auto,2025-04-20T19:59:43.096151,N/A,N/A,
Ferrari F40 Iconic Supercar พระเอกบนโปสเตอร์ห้องนอนวัยรุ่น 80s,https://www.thairath.co.th/news/auto/news/2853820,2025-04-20T19:59:43.497994,N/A,Jeremy Clarkson กล่าวไว้ว่า “F40 ไม่มีมือจับเปิดประตูด้านใน ไม่มีเครื่องเสียง ไม่มีพรมปูพื้น ภายในของรถดูเหมือนถูกยึดติดกันไว้ด้วยซิลิโคนอุดรูในห้องน้ำ สีรถก็บางเสียจนคุณสามารถเห็นลายคาร์บอนไฟเบอร์ข้างใต้ผิวสีได้ แต่ทั้งหมดนี้ทำให้ F40 ตัวเบามาก ประมาณ Lotus Elise บวกผู้โดยสารอีกคน และทำให้มันเร่งจาก 0-60 ไมล์/ชม. ได้ภายใน 3.2 วินาที ไม่มีรถคันไหนในรายการของเราคืนนี้ที่เร็วกว่ามัน” แค่ประโยคเปิดรายการ Top Gear ก็สรุปความเป็นอสูรร้ายของ F40 เอาไว้แล้ว นี่คือซูเปอร์คาร์แบบฉบับอิตาเลียนที่แม้จะเกินเอื้อมสำหรับคนส่วนมากบนโลก แต่เป็นตำนานแห่งการออกแบบและวิศวกรรมที่น่าจดจำ..เป็นการฉลองครบ 40 ปีของค่ายม้าป่าอย่างยิ่งใหญ่,
จากแอดิเลดถึงกุยบุรี ทดสอบ TOYOTA HILUX REVO GR SPORT ,https://www.thairath.co.th/news/auto/testdrive/2847910,2025-04-20T19:59:43.910649,N/A,ปฏิเสธไม่ได้ว่ามีพื้นที่มากมายบนโลกที่ยังคงเต็มไปด้วยเส้นทางออฟโรด และผู้คนในอดีตส่วนใหญ่มีความผูกพันอย่างแน่นแฟ้นกับรถกระบะ โดยเฉพาะ Toyota HiLux ในไทยที่ค่อยๆขยับจากผู้ตามจนกลายมาเป็นผู้นำในที่สุด และถึงแม้ว่าในออสเตรเลีย ต้นกำเนิดการพัฒนา Hilux GR นั้น กระบะ Ford Ranger ได้ขโมยตำแหน่งยอดขายไปในช่วงไม่กี่ปีที่ผ่านมา แต่ Hilux ก็อยู่บนถนนในออสเตรเลียมาตั้งแต่ปี 1968 นับตั้งแต่นั้นมา กระบะสามห่วงก็มียอดขายมากกว่า 1.2 ล้านคันในออสเตรเลีย นี่ยังไม่ได้พูดถึงประเทศไทยที่ HiLux ตั้งแต่อดีตจนรุ่นปัจจุบันเป็นรถกระบะที่เข้าไปครองใจผู้ใช้งานจำนวนมาก Hilux ได้รับความนิมยมไม่ต่างจากออสเตรเลีย  เมื่อสามปีก่อน แผนก R&D ของ Toyota ในออสเตรเลีย กำลังยุ่งอยู่กับการปรับแต่งเพื่อยกระดับให้ Hilux มีประสิทธิภาพดีขึ้น และ Toyota HiLux GR Sport ปี 2024 - 2025 ก็ถือเป็นรถกระบะรุ่นที่ดีที่สุดของ Toyota ที่มีขายในเอเชีย โอเชียเนีย แม้ว่าจะไม่สุดเท่าไดโนเสาร์นักล่า Raptor แต่ความอึดของกระบะพี่โตนั้นขึ้นชื่อว่าไม่เป็นสองรองใคร,
MAZDA NEW CX-6e เอสยูวีไฟฟ้าพร้อมจอใหญ่ยักษ์มโหระทึก!,https://www.thairath.co.th/news/auto/evcar/2853717,2025-04-20T19:59:44.314170,N/A,Mazda เผยรายละเอียดเพิ่มเติมของ EZ-60 เอสยูวีพลังไฟฟ้า 100% รุ่นใหม่สำหรับตลาดจีนและตลาดส่งออก ในยุโรปและภูมิภาคอื่นๆโดยเฉพาะไทยที่มีการเอื้อภาษีให้กับรถยนต์ไฟฟ้าที่ประกอบในจีน คาดว่า Mazda น่าจะใช้ชื่อว่า CX-6e และเป็นครั้งแรกที่ได้เห็นภาพภายในของ Mazda EV SUV ขนาดกะทัดรัด,
ใบขับขี่หมดอายุ ต้องต่อภายในกี่วัน เพิกเฉยไม่ไปต่อใบขับขี่ จะโดนข้อหาอะไรบ้าง,https://www.thairath.co.th/news/auto/news/2853639,2025-04-20T19:59:44.773138,N/A,"ใบขับขี่หมดอายุ
หากเพิกเฉยไม่ไปต่อใบขับขี่ เราจะโดนข้อหาอะไรบ้าง และหากใบขับขี่หมดอายุ ประกันรถยนต์จะคุ้มครองหรือไม่",
"วธ.จัดงาน ""1 ครอบครัว 1 Soft Power"" 18–22 เม.ย. โชว์สินค้า-จับคู่ธุรกิจ ดันผลิตภัณฑ์ชุมชน",https://www.thairath.co.th/news/local/2853683,2025-04-20T19:59:45.258397,N/A,วันศุกร์ที่ 18 เมษายน 2568 นายประสพ เรียงเงิน ปลัดกระทรวงวัฒนธรรม เป็นประธานในพิธีเปิดงานมหกรรมอุตสาหกรรมสร้างสรรค์สู่สากลและการเจรจาธุรกิจ โดยมีนางสาวเพชรรัตน์ สายทอง ผู้ตรวจราชการกระทรวงวัฒนธรรม นางรักชนก โคจรานนท์ ผู้ตรวจราชการกระทรวงวัฒนธรรม นางสาวฐิต์ณัฐ สมบัติศิริ ผู้ช่วยปลัดกระทรวงวัฒนธรรม รศ.ดร. คมสัน มาลีสี อธิการบดี สถาบันเทคโนโลยีพระจอมเกล้าเจ้าคุณทหารลาดกระบัง ผู้ช่วยศาสตราจารย์ ดร.รัชนี กุลยานนท์ รองอธิการบดี ฝ่ายวิจัยและนวัตกรรม รศ.ดร. สุรพงษ์ สิริพงศ์ดี คณบดีวิทยาลัยการจัดการนวัตกรรมและอุตสาหกรรม และ ดร.สุรภีร์ โรจนวงศ์ นายกสมาคมการค้าส่งเสริมหัตถกรรมไทย ผู้บริหารกระทรวงวัฒนธรรม ข้าราชการ เจ้าหน้าที่ และสื่อมวลชน เข้าร่วมงาน ณ ชั้น 5 เวทีกลาง พารากอน ฮอลล์ ศูนย์การค้าสยามพารากอน,
ปตท.สผ. สนับสนุนงบ ทส. จัดซื้ออุปกรณ์ป้องกันและแก้ไขปัญหาไฟป่า,https://www.thairath.co.th/news/local/2853681,2025-04-20T19:59:45.694750,N/A,บริษัท ปตท.สำรวจและผลิตปิโตรเลียม จำกัด (มหาชน) หรือ ปตท.สผ. โดย นายชยงค์ บริสุทธิ์สวัสดิ์ (ขวา) รองกรรมการผู้จัดการใหญ่ กลุ่มงานโครงการผลิตในประเทศ มอบเงินสนับสนุน 14.99 ล้านบาท ให้กับ กระทรวงทรัพยากรธรรมชาติและสิ่งแวดล้อม โดยมี นายจตุพร บุรุษพัฒน์ (ซ้าย) ปลัดกระทรวงทรัพยากรธรรมชาติและสิ่งแวดล้อม เป็นผู้รับมอบ เพื่อการจัดหาอุปกรณ์สำหรับป้องกันและแก้ไขปัญหาไฟป่า ซึ่งจะช่วยลดผลกระทบต่อทรัพยากรธรรมชาติ สุขภาพของประชาชน และสิ่งแวดล้อม พิธีมอบเงินสนับสนุนดังกล่าว ได้รับเกียรติจาก ดร.เฉลิมชัย ศรีอ่อน (กลาง) รัฐมนตรีว่าการกระทรวงทรัพยากรธรรมชาติและสิ่งแวดล้อม เป็นประธานในพิธี ซึ่งจัดขึ้น ณ กรมการเปลี่ยนแปลงสภาพภูมิอากาศและสิ่งแวดล้อม กรุงเทพฯ,
นิเทศศาสตร์ ม.นอร์ทกรุงเทพ เปิดค่าย Nitade NBU Creator Camp รุ่นที่ 2 พัฒนาทักษะภาพยนตร์-การแสดง,https://www.thairath.co.th/news/local/2853670,2025-04-20T19:59:46.272776,N/A,"คณะนิเทศศาสตร์ มหาวิทยาลัยนอร์ทกรุงเทพ ขอเชิญนักเรียนระดับชั้นมัธยมศึกษาตอนปลาย และนักศึกษาระดับชั้น ปวช.-ปวส. ทั่วประเทศ เข้าร่วมกิจกรรมค่ายนิเทศศาสตร์ ""Nitade NBU Creator Camp” รุ่นที่ 2 ในวันเสาร์ที่ 26 เมษายน 2568 ณ มหาวิทยาลัยนอร์ทกรุงเทพ วิทยาเขตรังสิต",
นักวิจัย มช. คว้า 12 รางวัลสิ่งประดิษฐ์และนวัตกรรมระดับโลก,https://www.thairath.co.th/news/local/2853622,2025-04-20T19:59:46.723330,N/A,"มหาวิทยาลัยเชียงใหม่ โดยนักวิจัยจาก 5 คณะ ได้แก่ คณะอุตสาหกรรมเกษตร คณะวิทยาศาสตร์ คณะพยาบาลศาสตร์ คณะเกษตรศาสตร์ และคณะวิศวกรรมศาสตร์ คว้า 12 รางวัลสิ่งประดิษฐ์และนวัตกรรมระดับโลก เวที ""The 50th International Exhibition of Inventions Geneva"" ณ Palexpo นครเจนีวา สมาพันธรัฐสวิส เมื่อวันที่ 9-13 เมษายน 2568 ที่ผ่านมา",
นักวิจัย มจพ. ได้รับรางวัลจากการประกวดผลงานสิ่งประดิษฐ์และนวัตกรรมระดับนานาชาติ ณ นครเจนีวา,https://www.thairath.co.th/news/local/2853531,2025-04-20T19:59:47.168980,N/A,"มหาวิทยาลัยเทคโนโลยีพระจอมเกล้าพระนครเหนือ (มจพ.) ร่วมกับ บริษัทจัดการสิ่งแวดล้อมหาดใหญ่ จำกัด ผลักดันนวัตกรรมด้านการจัดการน้ำเสียอย่างยั่งยืนสู่การใช้จริงในภาคอุตสาหกรรม โดยบริษัทจะนำผลงานเรื่อง “กรรมวิธีการกำจัดแทนนินจากน้ำทิ้งหลังผ่านการบำบัดด้วยวิธีชีวภาพแบบไม่ใช้อากาศและสารแขวนลอยอื่นๆ ที่มีแทนนินเป็นองค์ประกอบ” ซึ่งมี ศาสตราจารย์ ดร. จันทรพร ผลากรกุล อาจารย์ประจำภาควิชาวิศวกรรมเคมี คณะวิศวกรรมศาสตร์ และ ดร. พีระวัฒน์ คงเกลี้ยง นักวิจัยประจำศูนย์วิจัยผลิตภัณฑ์และพลังงานหมุนเวียน เป็นผู้ประดิษฐ์ โดยบริษัทฯ มุ่งเน้นในการนำกรรมวิธีดังกล่าว ไปทดสอบกับน้ำทิ้งในอุตสาหกรรมน้ำมันปาล์ม ในระดับต้นแบบ ขนาด 200 ลิตร เพื่อพัฒนาศักยภาพของกระบวนการ ความคุ้มค่าในการบำบัดน้ำเสีย และความเป็นไปได้ที่จะนำกรรมวิธีนี้ไปต่อยอดสู่การใช้จริงในเชิงพาณิชย์ โดยผลงานดังกล่าวได้รับรางวัลจากการประกวดและจัดแสดงผลงานสิ่งประดิษฐ์และนวัตกรรมในงาน The 50th International Exhibition of Inventions Geneva ซึ่งจัดขึ้นที่ศูนย์การประชุมและนิทรรศการนานาชาติ PalExpo นครเจนีวา สมาพันธรัฐสวิส เมื่อระหว่างวันที่ 9-13 เมษายน 2568 ภายใต้ผลงานชื่อ “แทนนินนอฟ (Tanninnov – the tannin harvested from wastewater using green technology, enabling closed-loop wastewater management)” ได้รับรางวัลเหรียญทองแดง (Bronze Medal) และ รางวัลพิเศษ (Special Prize) Distinguished Innovation Award จาก King Abdulaziz University ราชอาณาจักรซาอุดีอาระเบีย โดยมีผลงานสิ่งประดิษฐ์และนวัตกรรมส่งเข้าร่วมการประกวดมากกว่าหนี่งพันผลงาน จาก 30 ประเทศทั่วโลก",
สภากาชาดไทย ผนึกกำลัง เครือซีพี – ทรู เดินหน้ารณรงค์บริจาคอวัยวะและดวงตา ต่อเนื่องเป็นปีที่ 19,https://www.thairath.co.th/news/local/2853473,2025-04-20T19:59:47.608016,N/A,แค่หนึ่งการให้...อาจเปลี่ยนทั้งชีวิตของใครหลายคน สภากาชาดไทย ผนึกกำลัง เครือซีพี – ทรู เดินหน้ารณรงค์บริจาคอวัยวะและดวงตา ภายใต้โครงการ “Let Them See Love 2025” ต่อเนื่องเป็นปีที่ 19 ผ่านภาพยนตร์โฆษณา “ขอบคุณผู้ให้” พลังแห่งการกอด แทนคำขอบคุณที่ยิ่งใหญ่,
Thairath Ads บริการใหม่จากไทยรัฐ เปิดพื้นที่โฆษณาสนับสนุนธุรกิจ SMEs ต่อยอดจุดแข็งเว็บข่าวอันดับ 1,https://www.thairath.co.th/news/local/2851245,2025-04-20T19:59:48.015502,N/A,"ไทยรัฐ
เปิดตัวโซลูชันใหม่
Thairath Ads
ระบบซื้อโฆษณาด้วยตนเองบนเว็บไซต์ไทยรัฐออนไลน์ จากการต่อยอดจุดแข็งที่เป็นเว็บไซต์ข่าวอันดับ 1 ของประเทศไทย ที่มียอดผู้เข้าชม 1.5 ล้านคนต่อวัน หรือประมาณ 25 ล้านคนต่อเดือน โดยมีกลยุทธ์หลักในการเปลี่ยนผู้อ่านข่าวบนเว็บไซต์ไทยรัฐให้กลายเป็นลูกค้าของธุรกิจ เพื่อสร้างโอกาสในการเติบโต เพิ่มยอดขาย พร้อมใช้งานง่าย ไม่ซับซ้อน ไม่มีค่าใช้จ่ายแอบแฝง และสามารถเข้าถึงกลุ่มเป้าหมายจำนวนมาก",
